{
  "$schema": "https://schema.management.azure.com/schemas/2015-01-01/deploymentParameters.json#",
  "contentVersion": "1.0.0.0",
  "parameters": {

    "office365_1_Connection_Name": {
      "type": "string",
      "defaultValue": "office365"
    },
    "office365_1_Connection_DisplayName": {
      "type": "string",
      "defaultValue": "Shelara@pcscapital.com"
    },
    "azureblob_1_Connection_Name": {
      "type": "string",
      "defaultValue": "azureblob"
    },
    "azureblob_1_Connection_DisplayName": {
      "type": "string",
      "defaultValue": "ConnectBlob"
    },
    "azureblob_1_accountName": {
      "type": "string",
      "metadata": {
        "description": "Name of the storage account the connector should use."
      },
      "defaultValue": "stpayroll360001"
    },
    "azureblob_1_accessKey": {
      "type": "securestring",
      "metadata": {
        "description": "Specify a valid primary/secondary storage account access key."
      }
    },
    "azureblob_1_privacySetting": {
      "type": "string",
      "metadata": {
        "description": "Privacy Setting"
      },
      "allowedValues": [
        "None",
        "Private",
        "Organizational",
        "Public"
      ]
    },
    "sql_1_Connection_Name": {
      "type": "string",
      "defaultValue": "sql-1"
    },
    "sql_1_Connection_DisplayName": {
      "type": "string",
      "defaultValue": "ConfigConn"
    },
    "sql_1_server": {
      "type": "string",
      "metadata": {
        "description": "SQL server name"
      }
    },
    "sql_1_database": {
      "type": "string",
      "metadata": {
        "description": "SQL database name"
      }
    },
    "sql_1_username": {
      "type": "securestring",
      "metadata": {
        "description": "Username credential"
      }
    },
    "sql_1_password": {
      "type": "securestring",
      "metadata": {
        "description": "Password credential"
      }
    },
    "sql_1_encryptConnection": {
      "type": "bool",
      "metadata": {
        "description": "Encrypt Connection"
      }
    },
    "sql_1_privacySetting": {
      "type": "string",
      "metadata": {
        "description": "Privacy Setting"
      },
      "allowedValues": [
        "None",
        "Private",
        "Organizational",
        "Public"
      ]
    },
    "sql_1_sqlConnectionString": {
      "type": "securestring",
      "metadata": {
        "description": "SQL Connection String"
      }
    },
    "sql_2_Connection_Name": {
      "type": "string",
      "defaultValue": "sql"
    },
    "sql_2_Connection_DisplayName": {
      "type": "string",
      "defaultValue": "test"
    },
    "sql_2_server": {
      "type": "string",
      "metadata": {
        "description": "SQL server name"
      }
    },
    "sql_2_database": {
      "type": "string",
      "metadata": {
        "description": "SQL database name"
      }
    },
    "sql_2_username": {
      "type": "securestring",
      "metadata": {
        "description": "Username credential"
      }
    },
    "sql_2_password": {
      "type": "securestring",
      "metadata": {
        "description": "Password credential"
      }
    },
    "sql_2_encryptConnection": {
      "type": "bool",
      "metadata": {
        "description": "Encrypt Connection"
      }
    },
    "sql_2_privacySetting": {
      "type": "string",
      "metadata": {
        "description": "Privacy Setting"
      },
      "allowedValues": [
        "None",
        "Private",
        "Organizational",
        "Public"
      ]
    },
    "sql_2_sqlConnectionString": {
      "type": "securestring",
      "metadata": {
        "description": "SQL Connection String"
      }
    },
    "LogicAppLocation": {
      "type": "string",
      "minLength": 1,
      "allowedValues": [
        "[resourceGroup().location]",
        "eastasia",
        "southeastasia",
        "centralus",
        "eastus",
        "eastus2",
        "westus",
        "northcentralus",
        "southcentralus",
        "northeurope",
        "westeurope",
        "japanwest",
        "japaneast",
        "brazilsouth",
        "australiaeast",
        "australiasoutheast",
        "southindia",
        "centralindia",
        "westindia",
        "canadacentral",
        "canadaeast",
        "uksouth",
        "ukwest",
        "westcentralus",
        "westus2",
        "koreacentral",
        "koreasouth",
        "francecentral",
        "francesouth",
        "uaecentral",
        "southafricanorth",
        "southafricawest",
        "switzerlandnorth",
        "switzerlandwest",
        "germanynorth",
        "germanywestcentral",
        "norwayeast"
      ],
      "defaultValue": "eastus"
    },
    "LogicAppName": {
      "type": "string",
      "minLength": 1,
      "defaultValue": "pcs-la-email-payroll360-qa"
    }
  }
}